[
    {
        "імя": "Олена",
        "Прізвище": "Коваленко",
        "оцінки": {
            "математика": 10,
            "українська мова": 9,
            "фізкультура": 8
        }
    },
    {
        "імя": "Іван",
        "Прізвище": "Петренко",
        "оцінки": {
            "математика": 11,
            "українська мова": 10,
            "фізкультура": 9
        }
    },
    {
        "імя": "Марія",
        "Прізвище": "Сидоренко",
        "оцінки": {
            "математика": 9,
            "українська мова": 12,
            "фізкультура": 7
        }
    },
    {
        "імя": "Петро",
        "Прізвище": "Іванов",
        "оцінки": {
            "математика": 8,
            "українська мова": 10,
            "фізкультура": 9
        }
    },
    {
        "імя": "Анна",
        "Прізвище": "Павленко",
        "оцінки": {
            "математика": 11,
            "українська мова": 9,
            "фізкультура": 10
        }
    },
    {
        "імя": "Віктор",
        "Прізвище": "Мельник",
        "оцінки": {
            "математика": 9,
            "українська мова": 11,
            "фізкультура": 8
        }
    },
    {
        "імя": "Наталія",
        "Прізвище": "Грищенко",
        "оцінки": {
            "математика": 10,
            "українська мова": 12,
            "фізкультура": 9
        }
    },
    {
        "імя": "Василь",
        "Прізвище": "Федоров",
        "оцінки": {
            "математика": 11,
            "українська мова": 10,
            "фізкультура": 8
        }
    },
    {
        "імя": "Ольга",
        "Прізвище": "Ігнатенко",
        "оцінки": {
            "математика": 9,
            "українська мова": 11,
            "фізкультура": 10
        }
    },
    {
        "імя": "Михайло",
        "Прізвище": "Савченко",
        "оцінки": {
            "математика": 10,
            "українська мова": 9,
            "фізкультура": 7
        }
    },
    {
        "імя": "Тетяна",
        "Прізвище": "Лисенко",
        "оцінки": {
            "математика": 11,
            "українська мова": 10,
            "фізкультура": 8
        }
    },
    {
        "імя": "Олексій",
        "Прізвище": "Григоренко",
        "оцінки": {
            "математика": 9,
            "українська мова": 12,
            "фізкультура": 9
        }
    },
    {
        "імя": "Юлія",
        "Прізвище": "Даниленко",
        "оцінки": {
            "математика": 10,
            "українська мова": 11,
            "фізкультура": 7
        }
    },
    {
        "імя": "Сергій",
        "Прізвище": "Павлов",
        "оцінки": {
            "математика": 8,
            "українська мова": 10,
            "фізкультура": 9
        }
    },
    {
        "імя": "Анастасія",
        "Прізвище": "Кравченко",
        "оцінки": {
            "математика": 11,
            "українська мова": 9,
            "фізкультура": 8
        }
    },
    {
        "імя": "Віталій",
        "Прізвище": "Дмитренко",
        "оцінки": {
            "математика": 9,
            "українська мова": 12,
            "фізкультура": 10
        }
    },
    {
        "імя": "Людмила",
        "Прізвище": "Сергієнко",
        "оцінки": {
            "математика": 10,
            "українська мова": 11,
            "фізкультура": 9
        }
    },
    {
        "імя": "Олесь",
        "Прізвище": "Гончаренко",
        "оцінки": {
            "математика": 11,
            "українська мова": 10,
            "фізкультура": 8
        }
    },
    {
        "імя": "Ірина",
        "Прізвище": "Котова",
        "оцінки": {
            "математика": 9,
            "українська мова": 11,
            "фізкультура": 10
        }
    },
    {
        "імя": "Артем",
        "Прізвище": "Зайцев",
        "оцінки": {
            "математика": 10,
            "українська мова": 9,
            "фізкультура": 7
        }
    },
    {
        "імя": "Оксана",
        "Прізвище": "Шевченко",
        "оцінки": {
            "математика": 11,
            "українська мова": 10,
            "фізкультура": 8
        }
    },
    {
        "імя": "Дмитро",
        "Прізвище": "Гавриленко",
        "оцінки": {
            "математика": 9,
            "українська мова": 12,
            "фізкультура": 9
        }
    },
    {
        "імя": "Ганна",
        "Прізвище": "Ковальчук",
        "оцінки": {
            "математика": 10,
            "українська мова": 11,
            "фізкультура": 7
        }
    },
    {
        "імя": "Владислав",
        "Прізвище": "Литвиненко",
        "оцінки": {
            "математика": 8,
            "українська мова": 10,
            "фізкультура": 9
        }
    },
    {
        "імя": "Екатерина",
        "Прізвище": "Савельева",
        "оцінки": {
            "математика": 11,
            "українська мова": 9,
            "фізкультура": 8
        }
    },
    {
        "імя": "Андрій",
        "Прізвище": "Бойко",
        "оцінки": {
            "математика": 9,
            "українська мова": 12,
            "фізкультура": 10
        }
    },
    {
        "імя": "Ніна",
        "Прізвище": "Мартиненко",
        "оцінки": {
            "математика": 10,
            "українська мова": 11,
            "фізкультура": 9
        }
    },
    {
        "імя": "Денис",
        "Прізвище": "Горбунов",
        "оцінки": {
            "математика": 11,
            "українська мова": 10,
            "фізкультура": 8
        }
    },
    {
        "імя": "Оксана",
        "Прізвище": "Кравченко",
        "оцінки": {
            "математика": 9,
            "українська мова": 11,
            "фізкультура": 10
        }
    },
    {
        "імя": "Максим",
        "Прізвище": "Павленко",
        "оцінки": {
            "математика": 10,
            "українська мова": 9,
            "фізкультура": 7
        }
    },
    {
        "імя": "Наталія",
        "Прізвище": "Горбачова",
        "оцінки": {
            "математика": 11,
            "українська мова": 10,
            "фізкультура": 8
        }
    },
    {
        "імя": "Сергій",
        "Прізвище": "Васильєв",
        "оцінки": {
            "математика": 9,
            "українська мова": 12,
            "фізкультура": 9
        }
    },
    {
        "імя": "Ірина",
        "Прізвище": "Кондратенко",
        "оцінки": {
            "математика": 10,
            "українська мова": 11,
            "фізкультура": 7
        }
    },
    {
        "імя": "Владислав",
        "Прізвище": "Міщенко",
        "оцінки": {
            "математика": 8,
            "українська мова": 10,
            "фізкультура": 9
        }
    },
    {
        "імя": "Анна",
        "Прізвище": "Кузнецова",
        "оцінки": {
            "математика": 11,
            "українська мова": 9,
            "фізкультура": 8
        }
    },
    {
        "імя": "Олександр",
        "Прізвище": "Іваненко",
        "оцінки": {
            "математика": 9,
            "українська мова": 12,
            "фізкультура": 10
        }
    },
    {
        "імя": "Ірина",
        "Прізвище": "Бондаренко",
        "оцінки": {
            "математика": 10,
            "українська мова": 11,
            "фізкультура": 9
        }
    },
    {
        "імя": "Максим",
        "Прізвище": "Коваленко",
        "оцінки": {
            "математика": 11,
            "українська мова": 10,
            "фізкультура": 8
        }
    },
    {
        "імя": "Тетяна",
        "Прізвище": "Гончарук",
        "оцінки": {
            "математика": 9,
            "українська мова": 11,
            "фізкультура": 10
        }
    },
    {
        "імя": "Олег",
        "Прізвище": "Сидоров",
        "оцінки": {
            "математика": 10,
            "українська мова": 9,
            "фізкультура": 7
        }
    },
    {
        "імя": "Надія",
        "Прізвище": "Кулик",
        "оцінки": {
            "математика": 11,
            "українська мова": 10,
            "фізкультура": 8
        }
    },
    {
        "імя": "Володимир",
        "Прізвище": "Лебедєв",
        "оцінки": {
            "математика": 9,
            "українська мова": 12,
            "фізкультура": 9
        }
    },
    {
        "імя": "Лариса",
        "Прізвище": "Мороз",
        "оцінки": {
            "математика": 10,
            "українська мова": 11,
            "фізкультура": 7
        }
    },
    {
        "імя": "Михайло",
        "Прізвище": "Сухов",
        "оцінки": {
            "математика": 8,
            "українська мова": 10,
            "фізкультура": 9
        }
    },
    {
        "імя": "Юлія",
        "Прізвище": "Мельникова",
        "оцінки": {
            "математика": 11,
            "українська мова": 9,
            "фізкультура": 8
        }
    },
    {
        "імя": "Павло",
        "Прізвище": "Колесник",
        "оцінки": {
            "математика": 9,
            "українська мова": 12,
            "фізкультура": 10
        }
    },
    {
        "імя": "Оксана",
        "Прізвище": "Григор'єва",
        "оцінки": {
            "математика": 10,
            "українська мова": 11,
            "фізкультура": 9
        }
    },
    {
        "імя": "Микола",
        "Прізвище": "Кузьменко",
        "оцінки": {
            "математика": 11,
            "українська мова": 10,
            "фізкультура": 8
        }
    },
    {
        "імя": "Тетяна",
        "Прізвище": "Білоус",
        "оцінки": {
            "математика": 9,
            "українська мова": 11,
            "фізкультура": 10
        }
    },
    {
        "імя": "Юрій",
        "Прізвище": "Литвинов",
        "оцінки": {
            "математика": 10,
            "українська мова": 9,
            "фізкультура": 7
        }
    },
    {
        "імя": "Ольга",
        "Прізвище": "Гриценко",
        "оцінки": {
            "математика": 11,
            "українська мова": 10,
            "фізкультура": 8
        }
    },
    {
        "імя": "Максим",
        "Прізвище": "Тарасенко",
        "оцінки": {
            "математика": 9,
            "українська мова": 12,
            "фізкультура": 9
        }
    },
    {
        "імя": "Марія",
        "Прізвище": "Біліченко",
        "оцінки": {
            "математика": 10,
            "українська мова": 11,
            "фізкультура": 7
        }
    },
    {
        "імя": "Сергій",
        "Прізвище": "Кравчук",
        "оцінки": {
            "математика": 8,
            "українська мова": 10,
            "фізкультура": 9
        }
    },
    {
        "імя": "Лариса",
        "Прізвище": "Ковалчук",
        "оцінки": {
            "математика": 11,
            "українська мова": 9,
            "фізкультура": 8
        }
    },
    {
        "імя": "Павло",
        "Прізвище": "Міщенко",
        "оцінки": {
            "математика": 9,
            "українська мова": 12,
            "фізкультура": 10
        }
    },
    {
        "імя": "Юлія",
        "Прізвище": "Семененко",
        "оцінки": {
            "математика": 10,
            "українська мова": 11,
            "фізкультура": 9
        }
    },
    {
        "імя": "Ігор",
        "Прізвище": "Поляков",
        "оцінки": {
            "математика": 11,
            "українська мова": 10,
            "фізкультура": 7
        }
    },
    {
        "імя": "Ніна",
        "Прізвище": "Олійник",
        "оцінки": {
            "математика": 9,
            "українська мова": 12,
            "фізкультура": 9
        }
    },
    {
        "імя": "Олег",
        "Прізвище": "Данилюк",
        "оцінки": {
            "математика": 10,
            "українська мова": 11,
            "фізкультура": 7
        }
    },
    {
        "імя": "Анна",
        "Прізвище": "Куценко",
        "оцінки": {
            "математика": 11,
            "українська мова": 10,
            "фізкультура": 8
        }
    },
    {
        "імя": "Андрій",
        "Прізвище": "Дубровський",
        "оцінки": {
            "математика": 9,
            "українська мова": 12,
            "фізкультура": 10
        }
    },
    {
        "імя": "Наталя",
        "Прізвище": "Гринчук",
        "оцінки": {
            "математика": 10,
            "українська мова": 11,
            "фізкультура": 9
        }
    },
    {
        "імя": "Михайло",
        "Прізвище": "Мельник",
        "оцінки": {
            "математика": 11,
            "українська мова": 10,
            "фізкультура": 8
        }
    },
    {
        "імя": "Вікторія",
        "Прізвище": "Козлова",
        "оцінки": {
            "математика": 9,
            "українська мова": 11,
            "фізкультура": 10
        }
    },
    {
        "імя": "Іван",
        "Прізвище": "Дмитрієв",
        "оцінки": {
            "математика": 8,
            "українська мова": 10,
            "фізкультура": 9
        }
    },
    {
        "імя": "Оксана",
        "Прізвище": "Морозенко",
        "оцінки": {
            "математика": 11,
            "українська мова": 9,
            "фізкультура": 8
        }
    },
    {
        "імя": "Андрій",
        "Прізвище": "Богданов",
        "оцінки": {
            "математика": 9,
            "українська мова": 12,
            "фізкультура": 10
        }
    },
    {
        "імя": "Марія",
        "Прізвище": "Кравець",
        "оцінки": {
            "математика": 10,
            "українська мова": 11,
            "фізкультура": 7
        }
    },
    {
        "імя": "Сергій",
        "Прізвище": "Мартинов",
        "оцінки": {
            "математика": 8,
            "українська мова": 10,
            "фізкультура": 9
        }
    },
    {
        "імя": "Лілія",
        "Прізвище": "Король",
        "оцінки": {
            "математика": 11,
            "українська мова": 9,
            "фізкультура": 8
        }
    },
    {
        "імя": "Андрій",
        "Прізвище": "Зубенко",
        "оцінки": {
            "математика": 9,
            "українська мова": 12,
            "фізкультура": 9
        }
    },
    {
        "імя": "Наталія",
        "Прізвище": "Гончаренко",
        "оцінки": {
            "математика": 10,
            "українська мова": 11,
            "фізкультура": 7
        }
    },
    {
        "імя": "Андрій",
        "Прізвище": "Ковалчук",
        "оцінки": {
            "математика": 11,
            "українська мова": 10,
            "фізкультура": 8
        }
    },
    {
        "імя": "Маргарита",
        "Прізвище": "Білік",
        "оцінки": {
            "математика": 9,
            "українська мова": 12,
            "фізкультура": 10
        }
    },
    {
        "імя": "Сергій",
        "Прізвище": "Григор'єв",
        "оцінки": {
            "математика": 10,
            "українська мова": 11,
            "фізкультура": 9
        }
    },
    {
        "імя": "Віктор",
        "Прізвище": "Мельничук",
        "оцінки": {
            "математика": 11,
            "українська мова": 10,
            "фізкультура": 7
        }
    },
    {
        "імя": "Тетяна",
        "Прізвище": "Сергієнко",
        "оцінки": {
            "математика": 8,
            "українська мова": 10,
            "фізкультура": 9
        }
    },
    {
        "імя": "Олексій",
        "Прізвище": "Котенко",
        "оцінки": {
            "математика": 9,
            "українська мова": 12,
            "фізкультура": 10
        }
    },
    {
        "імя": "Наталія",
        "Прізвище": "Мельниченко",
        "оцінки": {
            "математика": 10,
            "українська мова": 11,
            "фізкультура": 7
        }
    },
    {
        "імя": "Віктор",
        "Прізвище": "Лисенко",
        "оцінки": {
            "математика": 11,
            "українська мова": 10,
            "фізкультура": 8
        }
    },
    {
        "імя": "Ірина",
        "Прізвище": "Григорова",
        "оцінки": {
            "математика": 9,
            "українська мова": 12,
            "фізкультура": 9
        }
    },
    {
        "імя": "Михайло",
        "Прізвище": "Марченко",
        "оцінки": {
            "математика": 10,
            "українська мова": 11,
            "фізкультура": 7
        }
    },
    {
        "імя": "Ірина",
        "Прізвище": "Данилова",
        "оцінки": {
            "математика": 11,
            "українська мова": 9,
            "фізкультура": 8
        }
    },
    {
        "імя": "Павло",
        "Прізвище": "Шевченко",
        "оцінки": {
            "математика": 9,
            "українська мова": 12,
            "фізкультура": 10
        }
    },
    {
        "імя": "Оксана",
        "Прізвище": "Павлюк",
        "оцінки": {
            "математика": 10,
            "українська мова": 11,
            "фізкультура": 9
        }
    },
    {
        "імя": "Сергій",
        "Прізвище": "Козак",
        "оцінки": {
            "математика": 8,
            "українська мова": 10,
            "фізкультура": 9
        }
    },
    {
        "імя": "Олена",
        "Прізвище": "Петренко",
        "оцінки": {
            "математика": 9,
            "українська мова": 12,
            "фізкультура": 10
        }
    },
    {
        "імя": "Андрій",
        "Прізвище": "Литвин",
        "оцінки": {
            "математика": 10,
            "українська мова": 11,
            "фізкультура": 7
        }
    },
    {
        "імя": "Олександра",
        "Прізвище": "Мартинюк",
        "оцінки": {
            "математика": 11,
            "українська мова": 9,
            "фізкультура": 8
        }
    },
    {
        "імя": "Ігор",
        "Прізвище": "Тимченко",
        "оцінки": {
            "математика": 9,
            "українська мова": 12,
            "фізкультура": 9
        }
    },
    {
        "імя": "Надія",
        "Прізвище": "Кравченко",
        "оцінки": {
            "математика": 10,
            "українська мова": 11,
            "фізкультура": 7
        }
    },
    {
        "імя": "Олег",
        "Прізвище": "Марченко",
        "оцінки": {
            "математика": 11,
            "українська мова": 10,
            "фізкультура": 8
        }
    },
    {
        "імя": "Анна",
        "Прізвище": "Лисенко",
        "оцінки": {
            "математика": 8,
            "українська мова": 10,
            "фізкультура": 9
        }
    },
    {
        "імя": "Валентин",
        "Прізвище": "Мельник",
        "оцінки": {
            "математика": 9,
            "українська мова": 12,
            "фізкультура": 10
        }
    },
    {
        "імя": "Наталія",
        "Прізвище": "Павлова",
        "оцінки": {
            "математика": 10,
            "українська мова": 11,
            "фізкультура": 7
        }
    },
    {
        "імя": "Владислав",
        "Прізвище": "Коваль",
        "оцінки": {
            "математика": 11,
            "українська мова": 10,
            "фізкультура": 8
        }
    },
    {
        "імя": "Оксана",
        "Прізвище": "Савченко",
        "оцінки": {
            "математика": 8,
            "українська мова": 10,
            "фізкультура": 9
        }
    },
    {
        "імя": "Микола",
        "Прізвище": "Петренко",
        "оцінки": {
            "математика": 9,
            "українська мова": 12,
            "фізкультура": 10
        }
    },
    {
        "імя": "Юлія",
        "Прізвище": "Сергієнко",
        "оцінки": {
            "математика": 10,
            "українська мова": 11,
            "фізкультура": 7
        }
    },
    {
        "імя": "Петро",
        "Прізвище": "Гончар",
        "оцінки": {
            "математика": 11,
            "українська мова": 10,
            "фізкультура": 8
        }
    },
    {
        "імя": "Марія",
        "Прізвище": "Марченко",
        "оцінки": {
            "математика": 8,
            "українська мова": 10,
            "фізкультура": 9
        }
    },
    {
        "імя": "Володимир",
        "Прізвище": "Мельников",
        "оцінки": {
            "математика": 9,
            "українська мова": 12,
            "фізкультура": 10
        }
    },
    {
        "імя": "Тетяна",
        "Прізвище": "Павленко",
        "оцінки": {
            "математика": 10,
            "українська мова": 11,
            "фізкультура": 7
        }
    },
    {
        "імя": "Олег",
        "Прізвище": "Кравченко",
        "оцінки": {
            "математика": 11,
            "українська мова": 10,
            "фізкультура": 8
        }
    },
    {
        "імя": "Наталія",
        "Прізвище": "Григоренко",
        "оцінки": {
            "математика": 8,
            "українська мова": 10,
            "фізкультура": 9
        }
    },
    {
        "імя": "Максим",
        "Прізвище": "Ковальчук",
        "оцінки": {
            "математика": 9,
            "українська мова": 12,
            "фізкультура": 10
        }
    },
    {
        "імя": "Світлана",
        "Прізвище": "Іванова",
        "оцінки": {
            "математика": 10,
            "українська мова": 11,
            "фізкультура": 7
        }
    },
    {
        "імя": "Ігор",
        "Прізвище": "Козлов",
        "оцінки": {
            "математика": 11,
            "українська мова": 10,
            "фізкультура": 8
        }
    },
    {
        "імя": "Ольга",
        "Прізвище": "Сидоренко",
        "оцінки": {
            "математика": 8,
            "українська мова": 10,
            "фізкультура": 9
        }
    },
    {
        "імя": "Андрій",
        "Прізвище": "Гриценко",
        "оцінки": {
            "математика": 9,
            "українська мова": 12,
            "фізкультура": 10
        }
    },
    {
        "імя": "Олена",
        "Прізвище": "Лисенко",
        "оцінки": {
            "математика": 10,
            "українська мова": 11,
            "фізкультура": 7
        }
    },
    {
        "імя": "Михайло",
        "Прізвище": "Поляков",
        "оцінки": {
            "математика": 11,
            "українська мова": 10,
            "фізкультура": 8
        }
    },
    {
        "імя": "Лариса",
        "Прізвище": "Коваленко",
        "оцінки": {
            "математика": 8,
            "українська мова": 10,
            "фізкультура": 9
        }
    },
    {
        "імя": "Володимир",
        "Прізвище": "Семенов",
        "оцінки": {
            "математика": 9,
            "українська мова": 12,
            "фізкультура": 10
        }
    },
    {
        "імя": "Тетяна",
        "Прізвище": "Пономаренко",
        "оцінки": {
            "математика": 10,
            "українська мова": 11,
            "фізкультура": 7
        }
    },
    {
        "імя": "Олег",
        "Прізвище": "Шевчук",
        "оцінки": {
            "математика": 11,
            "українська мова": 10,
            "фізкультура": 8
        }
    },
    {
        "імя": "Марина",
        "Прізвище": "Кононенко",
        "оцінки": {
            "математика": 8,
            "українська мова": 10,
            "фізкультура": 9
        }
    },
    {
        "імя": "Ігор",
        "Прізвище": "Мірошниченко",
        "оцінки": {
            "математика": 9,
            "українська мова": 12,
            "фізкультура": 10
        }
    },
    {
        "імя": "Ніна",
        "Прізвище": "Петренко",
        "оцінки": {
            "математика": 10,
            "українська мова": 11,
            "фізкультура": 7
        }
    },
    {
        "імя": "Олексій",
        "Прізвище": "Литвиненко",
        "оцінки": {
            "математика": 11,
            "українська мова": 10,
            "фізкультура": 8
        }
    },
    {
        "імя": "Анна",
        "Прізвище": "Бондаренко",
        "оцінки": {
            "математика": 8,
            "українська мова": 10,
            "фізкультура": 9
        }
    },
    {
        "імя": "Віктор",
        "Прізвище": "Марченко",
        "оцінки": {
            "математика": 9,
            "українська мова": 12,
            "фізкультура": 10
        }
    },
    {
        "імя": "Марія",
        "Прізвище": "Григор'єва",
        "оцінки": {
            "математика": 10,
            "українська мова": 11,
            "фізкультура": 7
        }
    },
    {
        "імя": "Сергій",
        "Прізвище": "Ткаченко",
        "оцінки": {
            "математика": 11,
            "українська мова": 10,
            "фізкультура": 8
        }
    },
    {
        "імя": "Оксана",
        "Прізвище": "Іванова",
        "оцінки": {
            "математика": 8,
            "українська мова": 10,
            "фізкультура": 9
        }
    },
    {
        "імя": "Михайло",
        "Прізвище": "Кравченко",
        "оцінки": {
            "математика": 9,
            "українська мова": 12,
            "фізкультура": 10
        }
    },
    {
        "імя": "Ірина",
        "Прізвище": "Сидорова",
        "оцінки": {
            "математика": 10,
            "українська мова": 11,
            "фізкультура": 7
        }
    },
    {
        "імя": "Петро",
        "Прізвище": "Бондарчук",
        "оцінки": {
            "математика": 11,
            "українська мова": 10,
            "фізкультура": 8
        }
    },
    {
        "імя": "Наталія",
        "Прізвище": "Попова",
        "оцінки": {
            "математика": 8,
            "українська мова": 10,
            "фізкультура": 9
        }
    },
    {
        "імя": "Валентин",
        "Прізвище": "Марченко",
        "оцінки": {
            "математика": 9,
            "українська мова": 12,
            "фізкультура": 10
        }
    },
    {
        "імя": "Марія",
        "Прізвище": "Литвин",
        "оцінки": {
            "математика": 10,
            "українська мова": 11,
            "фізкультура": 7
        }
    },
    {
        "імя": "Андрій",
        "Прізвище": "Міщенко",
        "оцінки": {
            "математика": 11,
            "українська мова": 10,
            "фізкультура": 8
        }
    },
    {
        "імя": "Ольга",
        "Прізвище": "Попова",
        "оцінки": {
            "математика": 8,
            "українська мова": 10,
            "фізкультура": 9
        }
    },
    {
        "імя": "Максим",
        "Прізвище": "Білік",
        "оцінки": {
            "математика": 9,
            "українська мова": 12,
            "фізкультура": 10
        }
    },
    {
        "імя": "Світлана",
        "Прізвище": "Шевченко",
        "оцінки": {
            "математика": 10,
            "українська мова": 11,
            "фізкультура": 7
        }
    },
    {
        "імя": "Ігор",
        "Прізвище": "Куценко",
        "оцінки": {
            "математика": 11,
            "українська мова": 10,
            "фізкультура": 8
        }
    },
    {
        "імя": "Анастасія",
        "Прізвище": "Савченко",
        "оцінки": {
            "математика": 8,
            "українська мова": 10,
            "фізкультура": 9
        }
    }
]